anger_regular_01|ああ？|ああ？どうしてこんなに荒々しい態度をとるんだ？落ち着いて話を聞けばいいのに。
anger_regular_02|ああ？|ああ？あの問題児がまた問題を起こしたって？何度注意しても改善しないんだから、もう本当に腹が立つ。
anger_regular_03|ああ？|ああ？戦争を望むのか？どうしてこんなに愚かなことを言えるんだ。
anger_regular_04|ああ？|ああ？罪悪感を感じるのは当たり前だろう！何をやっても全く反省していないのか？
anger_regular_05|ええ|ええ、自分勝手な考え方は許せないわ！周りの人たちの気持ちを考えなさい！
anger_regular_06|ええ|ええ、卑怯者め！人を裏切るなんて、どうしてそんなに卑しいことができるんだ！
anger_regular_07|ええ|ええ、気取った態度をとって何がしたいの？素直に話せばいいのに。
anger_regular_08|ええ|ええ、腹の立つことはわかるけど、怒りを爆発させる前に冷静に考えようよ。
anger_regular_09|おい|おい、ぶっきらぼうに話すな！もうちょっと感情を込めて話してくれないと、こっちもイライラするぞ。
anger_regular_10|おい|おい！あなたの過失で私たちは損害を被ったんだぞ！責任を取れ！
anger_regular_11|おい|おい！失礼な態度は許されないぞ。謝罪して反省しなさい。
anger_regular_12|おい|おい！あんた、暴挙を働いたって何がしたいんだ？自分がやられて嫌なことは、他人にもやるなんて許されることじゃないよ。
anger_regular_13|おのれ|おのれ！何度も言い争いをしてばかりで何がしたいんだ？仲直りしろ！
anger_regular_14|おのれ|おのれ！私たちは同僚なんだろう？なぜこんなに軽蔑的な態度を取るんだ？
anger_regular_15|おのれ|おのれ！私怨で人を傷つけるなんて卑怯な行為だ。
anger_regular_16|おのれ|おのれ！この地域は乱開発によって自然が破壊されているんだぞ！何も考えていないのか？
anger_regular_17|このー|このー！あんたの過激な言動が問題なんだよ。周りの人の気持ちを考えて行動しろよ。
anger_regular_18|このー|このー、どうしていつも消極的なんだ？もっと自分の意見をしっかりと主張しなさいよ。
anger_regular_19|このー|このー！なぜあなたはいつも部屋を汚すの？もう一度やったら、怒りがおさまらないわよ。
anger_regular_20|このー|このー！いくら争っても仕方がないと思わないか？和解しなさい。
anger_regular_21|こら|こら！野蛮な言葉遣いはやめなさい。人を傷つけることに何の意味があるのか。
anger_regular_22|こら|こら！あなたのよそ事に私がどう関わるんですか？私に迷惑をかけないでください。
anger_regular_23|こら|こら！何でそんなに意地悪なんだよ？人を傷つけることでしか満足できないのか？
anger_regular_24|こら|こら！こんな仕事、割に合わないって言ってたくせに、給料のことで文句を言うな！
anger_regular_25|なに|なに？あなたが問題をこじらせたのに私が何も言わないと思うなよ。
anger_regular_26|なに|なに！この鬼畜が！あなたのような人間がいるから世の中が腐るんだよ。
anger_regular_27|なに|なに？濫行しているのに、まるで何も知らないかのように振る舞っているのか？
anger_regular_28|なに|なに！こんなに汚い部屋で生活するつもりなの？早く片付けなさい！
anger_regular_29|ちぇっ|ちぇっ、あなたの言い分は理不尽さしかないわ。私たちは平等に扱われるべきだ。
anger_regular_30|ちぇっ|ちぇっ、傲慢な態度をとるくせに、何も知らないふりをしているなんてまじでありえない。
anger_regular_31|ちぇっ|ちぇっ、あの人を恨む理由がないとでも思ってるの？あなたにとっては些細なことかもしれないけど、私にとっては大切なことだったんだよ。
anger_regular_32|ちぇっ|ちぇっ、あなたの身勝手な行動はいつも私たちに迷惑をかけている。もう我慢できないわ。
anger_regular_33|はぁ？|はぁ？なぜこんなに急に解散することになったのか、説明してくれ。
anger_regular_34|はぁ？|はぁ？無駄遣いばかりして何が楽しいの？金を大事にしろよ。
anger_regular_35|はぁ？|はぁ？こんなに如何わしい商売しているとは知らなかったよ！信用していたのに。
anger_regular_36|はぁ？|はぁ？またお説教ですか？
anger_regular_37|ふん|ふん、いい加減にしろよ！いつもダメ出しばかりで何も褒め言葉がないんだ。
anger_regular_38|ふん|ふん、私が言いなりになると思っているのか？馬鹿げているわ。
anger_regular_39|ふん|ふん、今さら何を言っても遅いわ。あなたが咎められるべきことはもっと前から分かっていたはずよ。
anger_regular_40|ふん|ふん、私のプライバシーを侵害するなんて、どういうつもりだ？
anger_regular_41|もう|もう！君がいつもそんなに無茶をするから、体を痛めるんだよ。反省しなさい！
anger_regular_42|もう|もう、あなたの偏見には本当にうんざりするわ。人を見る目をもっと広げなさいよ。
anger_regular_43|もう|もう、何度も夫婦喧嘩してどうするんだ？話し合いができないなら、もう別れた方がいいんじゃないか。
anger_regular_44|もう|もう、あなたはいつも人を見下すばかりですね。本当に腹が立ちます。
anger_regular_45|ああ？|ああ？押し付けがましいって、自分勝手に私の時間を割いてくるくせに何言ってるんだ？
anger_regular_46|ああ？|ああ？最低な態度だよ。もう少しマナーを守れよ。
anger_regular_47|ええ|ええ、君の狭隘な考えは本当に腹立たしい。もっと広い視野を持って物事を考えろ。
anger_regular_48|ええ|ええ、お前は狡い奴だな。自分の利益のために他人を利用してばかりいる。
anger_regular_49|おい|おい、不親切な態度はやめろよ！みんなが困っているときに、君だけが助けを拒むなんて許せない。
anger_regular_50|おい|おい、いたしかたないって言われても納得できないんだよ。もっと努力しなさい！
anger_regular_51|おのれ|おのれ！こんなインチキ商品を売っているとは何事だ！お金を返せ！
anger_regular_52|おのれ|おのれ！あなたの不注意でここまで損害が出たんだぞ！どう責任をとるつもりだ？
anger_regular_53|このー|このー、あなたは人生経験が足りないから、周りの人たちがどんなに苦労しているのか理解できないんでしょう？
anger_regular_54|このー|このー！敗北したくなければ、もっと努力しなさいよ！
anger_regular_55|こら|こら、何でいつも大切なことを後回しにするんだ？今すぐやればいいのに。
anger_regular_56|こら|こら、荒削りな仕事をして、こんなもので満足できると思っているのか？もっと丁寧に仕上げなさい！
anger_regular_57|なに|なに、また反乱を起こすつもりか？もう十分だ、静かにしていろ！
anger_regular_58|なに|なに？白々しいことを言っているんじゃない！自分でやったことをちゃんと認めるべきだよ。
anger_regular_59|ちぇっ|ちぇっ、私たちの提案が却下されたって本当ですか？もっと真剣に検討してくださいよ。
anger_regular_60|ちぇっ|ちぇっ、あの悪女にはもううんざりだ。彼女の行動にはいつも怒りしか覚えない。
anger_regular_61|はぁ？|はぁ？政治不信を感じるのは当然でしょう！あの政治家は何もしないくせに、私たちを騙してるんだから！
anger_regular_62|はぁ？|はぁ？誰がこんなに大きな咆哮を上げたんだ？静かにしなさい！
anger_regular_63|ふん|ふん、被害者面するのはやめてください。自業自得だと思いますよ。
anger_regular_64|ふん|ふん、オヤジ臭いと言われたくなければ、自分で自分の身だしなみを気遣えよ。
anger_regular_65|もう|もう！誰が暴行を働いたのか教えなさい。被害者のためにも、すぐに解決しなければなりません。
anger_regular_66|もう|陰謀を企んでいたなんて信じられない！もう、二度と会わないでくれ！
anger_free_01|NA|あんたは誰だと思っているの？生意気な態度は許せない。
anger_free_02|NA|腹黒いなんて言うな！あなたのような人間には理解できないこともあるのよ！
anger_free_03|NA|異議を唱えるのはもうやめろ！君が悪いことをしたことは明白だ。
anger_free_04|NA|なんでそんなに否定的なの？もっと現実的に考えなさいよ。
anger_free_05|NA|なぜいつも私を反目するんだ？何か文句があるなら言ってみろ。
anger_free_06|NA|こんなことになる前に、私がヴァンパイアだって言ってたのに、信じてくれなかったんだろう！
anger_free_07|NA|サブスティテューションなんて、お前の能力不足の証拠だろうが！
anger_free_08|NA|この学校のエデュケーションは何だったの？何も教えてくれないじゃないか！
anger_free_09|NA|この話の脈絡が全くわからないわ。もっとちゃんと説明してよ！
anger_free_10|NA|何度も言わなきゃわからないの？この機械をつぶしてしまったら、自分の首を絞めることになるんだよ。
disgust_regular_01|いや|いや、あんな醜い人間を見るのは本当に嫌だ。
disgust_regular_02|いや|いや、あの人は恥ずかしくなるほど下品な言葉遣いをするんだよ。
disgust_regular_03|いや|いや、あの人が嫌いすぎて顔を見るだけで吐き気がするんだ。
disgust_regular_04|いや|いや、そのような不道徳な行為をしている人たちは、社会的に唾棄されるべきだと思います。
disgust_regular_05|いや|いや、あの人の臭さはただの不潔さではなく、もう何日も風呂に入っていないような臭いで、本当に我慢できない。
disgust_regular_06|いや|いや、あの家は本当にみすぼらしい。中に入る前から不快な気分になる。
disgust_regular_07|いや|いや、あの人の話は聞き苦しいほどつまらない。もう２度と話しかけないで欲しい。
disgust_regular_08|うあ|あの人はいつも自分のことばかりで周りを全く考えていない、独善的な人間なんだよね。うあ、嫌だ。
disgust_regular_09|うあ|うあ、君の言葉は本当に私を傷つけましたよ。もう二度とそんなこと言わないでください。
disgust_regular_10|うあ|うあ、あの専横な上司には本当に辟易としてしまいます。仕事ができるとは言え、人間性が欠如していると思います。
disgust_regular_11|うあ|うあ、この排水溝のにおいはまさに人間の排泄物のようです。
disgust_regular_12|うあ|うあ、あの卑しい男がまた私に近づいてきた。本当に嫌だ。
disgust_regular_13|うあ|うあ、あの人は本当に音痴で、歌を聞くと耳が痛くなるよ。
disgust_regular_14|うあ|うあ！下痢は本当に嫌だ。トイレに行くたびにお腹が痛くなって、もう我慢なんてできない。
disgust_regular_15|うぇ|この場所は臭くて、音もうるさくて、人も多すぎる、うぇ！ここにいるのは本当に嫌だ。
disgust_regular_16|うぇ|うぇ、誰がこんなに綺麗な場所に排泄物を捨てるんだろう？ほんとうに気持ち悪い。
disgust_regular_17|うぇ|うぇ、水疱瘡って本当に不快な病気ですよね。赤くてかゆくて、見ているだけで気持ちが悪くなります。
disgust_regular_18|うぇ|うぇ！誰かが屁をこいた臭いがする。すごく不快だ。
disgust_regular_19|うぇ|うぇ、また水漏れが起きている。この湿気とカビ臭い匂いは本当に嫌だ。
disgust_regular_20|うぇ|うぇ、このシミは何？臭いし、見ているだけで気分が悪くなる。
disgust_regular_21|うぇ|うぇ、泥水を飲むなんて考えられないわ。あんな汚い水で病気になるだけよ。
disgust_regular_22|うわ|うわ、あの人の考え方は完全に非合理的だ。話を聞いているだけで頭が痛くなる。
disgust_regular_23|うわ|うわ、またステレオタイプな考え方を持っている人がいるんだ。本当に嫌になるよ。
disgust_regular_24|うわ|うわ、あんな醜悪な顔をしていたら誰も近寄ってきませんよ。
disgust_regular_25|うわ|うわ、あの毒舌女性は本当に他人の気持ちを考えずに人を傷つける言葉ばかり吐きますね。
disgust_regular_26|うわ|うわ、あんなにたくさんの人がいる人ごみに入るなんて嫌です。息苦しくて動けないし、汗でベタベタして不快感しかありません。
disgust_regular_27|うわ|うわ、この靴下は臭くてなじまない！もう二度と履きたくない！
disgust_regular_28|うわ|うわ、あの人の妄想に巻き込まれたくない。一緒にいると気持ち悪い。
disgust_regular_29|ええ|ええ、そんな悪癖を持っている人は近づきたくないですね。
disgust_regular_30|ええ|ええ、本当にしつこいですね。もうやめてください。
disgust_regular_31|ええ|ええ、あの横暴な態度を持つ人と付き合うのは本当にむり。どうにかしてくれ。
disgust_regular_32|ええ|ええ、どう見てもこのチーズは腐敗しているだろう？食べるのは絶対に嫌だ。
disgust_regular_33|ええ|ええ、掃除とかめんどう臭くて、
disgust_regular_34|ええ|ええ、あの寝汗の臭いは本当に嫌でたまらないです。
disgust_regular_35|ええ|ええ、伝染病にかかったら本当に大変ですよ。私はそのような危険を冒すのは嫌です。
disgust_regular_36|おえ|おえ、腸炎になったらトイレにこもりっきりで、吐き気や下痢に苦しみますよ。
disgust_regular_37|おえ|おえ、こんなに不健康なものを食べるなんて、本当に吐き気がする。
disgust_regular_38|おえ|おえ、二日酔いって本当に最悪ですね。頭が痛くて、吐き気がして、体がだるくて、食欲もない。
disgust_regular_39|おえ|おえ！部屋に入った瞬間、異臭がして私は気持ち悪くなってしまった。
disgust_regular_40|おえ|おえ！あの不浄な男がまたここにいる！彼の体臭は臭いというよりも、生ごみが腐ったような匂いがする。
disgust_regular_41|おえ|おえ！あの膿腫がまた大きくなってしまった。匂いがひどく、見るだけで胃が痛くなる。
disgust_regular_42|おえ|おえ！あの鼠がまた出た！その汚らしい尻尾を見るだけで、私の背筋が凍りつく。
disgust_regular_43|げっ|あの汚いトイレには病原菌がいっぱいだ、げっ。近づくのも嫌だ。
disgust_regular_44|げっ|げっ、こんなに汚い泥沼の中には入りたくないです。
disgust_regular_45|げっ|げっ、あの汚い食べ物を見たら反吐が出そうになります。
disgust_regular_46|げっ|げっ、伝染病にかかった人が近くにいたら、私はすぐにその場から逃げたい。
disgust_regular_47|げっ|げっ、あの人の指からヤニが滴り落ちている。気持ち悪い！
disgust_regular_48|げっ|げっ、その酒乱野郎がまた来たの？今度こそ警察に通報するわ！
disgust_regular_49|げっ|げっ、なんであそこに虫たちが群がっているかと思ったら、腐った羊の死体があります。
disgust_regular_50|いや|いや、あんな些細なことで過剰反応するなんて、どうしようもなくて不快だ。
disgust_regular_51|いや|いや、あの身勝手な態度には本当に腹が立ちます。自分勝手に行動する人は本当に嫌いです。
disgust_regular_52|いや|いや、あなたの投げやりな態度は本当に不愉快ですよ。もっと責任を持って仕事をしてください。
disgust_regular_53|うあ|うあ、この生臭い匂いは何？この食べ物は腐っているんじゃないかと思うほど不味い！
disgust_regular_54|うあ|うあ、私はこのような不潔な場所で仕事をするつもりはない。即座に掃除をしなければ、私はこの取引を中止する。
disgust_regular_55|うぇ|うぇ、こんなに酷い話を聞いたのは初めてだわ。もう聞きたくない！
disgust_regular_56|うぇ|うぇ、こんなドロドロしたもの触るの無理！誰かやって！
disgust_regular_57|うわ|うわ、この音楽、騒がしすぎて集中できないよ。
disgust_regular_58|うわ|うわ、何でこんなに人が多いんだよ！もう一歩も動けないじゃないか！
disgust_regular_59|ええ|ええ、本物と思ったら偽者だったなんて本当に信じられない。気持ち悪い！
disgust_regular_60|ええ|ええ、この水の中にはあんなに濁りがあって、見るに堪えませんね。
disgust_regular_61|おえ|おえ、この醜態を見て！もう目を背けたくなるわ！
disgust_regular_62|おえ|おえ、あの汗臭いTシャツを着てる人、電車の中でかなり臭くなってきてるよ。
disgust_regular_63|げっ|げっ、この虫が体に触れたら、気が狂いそう！
disgust_regular_64|げっ|げっ、このドアノブがベタベタしているのは、何なのよ！
disgust_free_01|NA|彼女の下品な言葉遣いは本当に耐えられない。
disgust_free_02|NA|ヴァンパイアなんて、血を吸うだけで生きていけるクソ生き物に過ぎない。吐き気がするわ。
disgust_free_03|NA|このサブスティテューションはまったく使い物にならない。最悪だ。
disgust_free_04|NA|あの人の価値観は、いつも物事をただリデュースすることばかりで、全く考え方が狭いと思う。
disgust_free_05|NA|あの食べ物は妙な味がして、吐き気がしてきた。
disgust_free_06|NA|彼女の部屋に入るとゴミの匂いがして、とても不快でした。
disgust_free_07|NA|隣人たちは毎晩騒騒しいパーティーを開いて、私たちの睡眠を妨げている。本当にうんざりだ。
disgust_free_08|NA|彼の言動はまるで中学生かと思うほどガキっぽい。本当に嫌だ。
disgust_free_09|NA|頼むからそういうくだらないダジャレはやめてくれよ。
disgust_free_10|NA|不用意な言動で人を傷つけるなんて、最低だと思わないか？
fear_regular_01|うわ|うわ、不景気の影響で失業してしまうかもしれない。どうしよう、心配で眠れない。
fear_regular_02|うわ|うわ、世界的な経済危機が起きたら、私たちの生活はどうなるんだろう。
fear_regular_03|うわ|うわ、地震だ！早く逃げろ！
fear_regular_04|うわ|うわ、あの暴風雨はきっと災いをもたらすに違いない。
fear_regular_05|うわ|山奥で突然熊に遭遇して、慄然として声も出なかった。うわ、どうしよう。
fear_regular_06|うわ|うわ、核戦争が起こったら、人類は滅びるかもしれない。
fear_regular_07|うわ|うわ、昨日のニュースで暴行事件が起こっていたなんて知らなかった。今夜は怖くて眠れない。
fear_regular_08|きゃあ|きゃあ、ここは夜遊びする場所じゃない。周りが物騒な感じがして、怖い。
fear_regular_09|きゃあ|きゃあ、あの人たちはパニックに陥り始めている。何かが起こる前触れなのかもしれない…。
fear_regular_10|きゃあ|きゃあ！ばい菌に感染してしまったら大変なことになる！早く医者に診てもらわなきゃ。
fear_regular_11|きゃあ|あの山が噴火したら、周りの人々はみんな犠牲になってしまう、きゃあ、早く避難しなければ！
fear_regular_12|きゃあ|夜の森で、人を食ったと噂される熊に出くわした！きゃあ、助けてください！
fear_regular_13|きゃあ|きゃあ、あの建物の廃墟が不気味すぎて、中に誰かいるような気がして怖くて入れない。
fear_regular_14|きゃあ|きゃあ、あの森は暗くて怖いですね。一人で歩くのは危険かもしれません。
fear_regular_15|ぎゃあ|ぎゃあ、内乱が勃発したらどうしよう。生活が壊れ尽くしたり、身の安全が脅かされたりするかもしれない。
fear_regular_16|ぎゃあ|ぎゃあ、昨日夜中に脅迫電話がかかってきた。もう一人で家にいるのは怖いなあ。
fear_regular_17|ぎゃあ|ぎゃあ、新しいウイルスが変異したと聞いて、これ以上どうなるか分からない世界に生きていると思うと怖くてたまらない。
fear_regular_18|ぎゃあ|ぎゃあ！放射性物質が漏出していると聞いて、周りの人々は一斉にパニックに陥った。
fear_regular_19|ぎゃあ|ぎゃあ、この険しい山道を歩くのは本当に怖い！
fear_regular_20|ぎゃあ|ぎゃあ、この山道は本当に隘路だ。一歩間違えれば崖に転落するかもしれない。
fear_regular_21|ぎゃあ|ぎゃあ、あの恐るべき巨大な竜巻が私たちの方に向かって来ています！早く避難しましょう！
fear_regular_22|ひっ|ひっ、昨夜見た悪夢があまりにも恐ろしかったので、今でも震えが止まりません。
fear_regular_23|ひっ|ひっ、傷口から細菌が入って敗血症になったら、もう手遅れになってしまうかもしれない。早く病院に行かなければ。
fear_regular_24|ひっ|ひっ、あの小学生が誘拐事件に巻き込まれてしまったと聞いて、子供を持つ親として恐怖でいっぱいになってしまった。
fear_regular_25|ひっ|ひっ、この雨が続けば、もしかしたら大洪水になるかもしれない。すぐに避難しなければ。
fear_regular_26|ひっ|怖い話を聞いて、私の腕には鳥肌が立ち上がっている、ひっ、何かが見えるような気がして怖い。
fear_regular_27|ひっ|ひっ、この厳寒の中、山奥で迷子になったらどうしよう。生きて帰れるかな？
fear_regular_28|ひっ|森の奥にいる獣の鳴き声が怖い、ひっ、もう帰りたい。
fear_regular_29|ひい|ひい、今日のニュースで聞いた事件は、私が住むこの町で起こったんだ。怖くて外出するのが怖くなってきた。
fear_regular_30|ひい|ひい、この事件は単独犯の仕業だと思うと、犯人がまだ逃げているかもしれないことが怖い。
fear_regular_31|ひい|ひい、街の抗争が激化して、いつ自分が巻き込まれるか分からない。
fear_regular_32|ひい|夜道を歩いていたら、ひい、暴走族のバイク団が突然やって来た。怖くて足がすくんだ。
fear_regular_33|ひい|ひい、あの暴行事件は本当に怖かった。もう二度とあんな体験はしたくない。
fear_regular_34|ひい|あの建物は地震の後から不安定のままになっていた、ひい、今いるのはとても危険だ。
fear_regular_35|ひい|ひい！あそこには難破した船がある。今夜は海が荒れているから、近づかない方がいいよ。
fear_regular_36|ひえ|ひえ、このまま長雨が続くと、農作物が壊滅的な被害を受け、飢饉が起こるかもしれません。
fear_regular_37|ひえ|地震の被害に遭った人たちの苦しみを想像すると、ひえ、自分たちも同じような被害に遭うかもしれないと不安になる。
fear_regular_38|ひえ|ひえ、テロリズムが蔓延する世界で生きることが怖くて何もできない。
fear_regular_39|ひえ|ひえ、弱者が社会に踏み潰されるのを見ると、自分も同じようになってしまうのではないかと不安になる。
fear_regular_40|ひえ|ひえ、怖くて腰抜けになりそうだ！あそこにいるのはサイコパスの殺人犯だ！
fear_regular_41|ひえ|山中で追われているとき、後ろから迫ってくる殺気を感じて、ひえー、もうダメだと思った。
fear_regular_42|ひえ|あの事件以来、私は疑心暗鬼に陥っている、ひえ、誰が友達で誰が敵か分からない。
fear_regular_43|わあ|わあ、あの映画のシーンで見たような残忍な殺し方を想像するだけで、怖くてたまらない。
fear_regular_44|わあ|わあ、突然の戒厳令で街中が騒然となった。このままでは何が起こるかわからない。
fear_regular_45|わあ|敵軍から一斉射撃が始まったとき、わあ、私は本当に怖くて身動きができなかった。
fear_regular_46|わあ|わあ、昨日夜中に家の前でストーカーがいたんです！怖くて一晩中眠れませんでした。
fear_regular_47|わあ|あの男性の威圧的な態度に、わあ、私は怖くて声も出せなかった。
fear_regular_48|わあ|わあ、国の通貨危機で物価が暴騰して、買い物ができなくなるかもしれない。
fear_regular_49|わあ|わあ、国の政府がクーデターに遭ったのは聞いていたけど、今自分の目で見ると怖すぎて心臓が止まりそうだ。
fear_regular_50|いや|いや、胸が張り裂けそうだ…この暗闇でひとりになったら、絶対に殺される…！
fear_regular_51|いや|いや、あの人の目が怖すぎて…何か言われる前に逃げ出したい…！
fear_regular_52|いや|いや、この辺りには何か悪いものが潜んでいるに違いない…！逃げなきゃ…！
fear_regular_53|いや|いや、あの音は何だ…？ああっ！誰か来た…！逃げろ…！
fear_regular_54|いや|いや、あの人の笑い声が耳に残る…こんなに不気味な笑い声を聞いたことがない…！
fear_regular_55|いや|いや、ここは絶対におかしい…！何か異常な感じがする…！
fear_regular_56|いや|いや、あの人の目つきが…嫌な予感がする…逃げなきゃ…！
fear_regular_57|いや|いや、あの影が…何だ、あの影は…？！
fear_regular_58|いや|いや、こんなに寒くなるなんて…何かが起こる前触れなのかもしれない…！
fear_regular_59|いや|いや、何かが背後にいる…もう動けない…！
fear_regular_60|うわ|うわ、あの巨大な怪物が迫ってくる、恐怖で足がすくんでしまう。
fear_regular_61|うわ|うわ、あの大震災以来、凶報を聞くたびに震えが止まらなくなる。
fear_regular_62|きゃあ|あの巨大な嵐が近づいている、きゃあ、このままでは町に災禍が降りかかる！
fear_regular_63|きゃあ|あの森の中には、怪異な存在が潜んでいると噂されています。きゃあ、行くのはやめよう！
fear_regular_64|ぎゃあ|ぎゃあ！何も知らないで電気回路に触れたら、感電してしまうよ！
fear_regular_65|ぎゃあ|ぎゃあ、この森には危険な毒蛇が生息していると聞いた。もう二度と来ることはない！
fear_regular_66|ひっ|ひっ、医師から肝臓がんの診断を受けたと聞いて、私は恐怖で震えた。
fear_regular_67|ひっ|あの人たちはテロリストだと言われているんだ、ひっ、こんなところで遭遇したらどうしよう。
fear_regular_68|ひっ|ひっ、この国はまた動乱に陥ってしまったのか。ますます危険になりそうだ。
fear_regular_69|ひい|ひい！あの犯人は逃亡中だと聞いた。もし彼がこの近くにいたらどうしよう。
fear_regular_70|ひい|ひい！あの蛇はとても危なそうだ、毒液にやられたら死んでしまうかもしれない。
fear_regular_71|ひい|ひい、あの建物からは死人が出たという噂を聞いたよ。
fear_regular_72|ひい|ひい！目の前で暴力行為が行われている！早く警察に通報しなければ。
fear_regular_73|ひえ|ひえ、高速道路でアクシデントが起こったようです。もしかしたら私たちにも影響があるかもしれません。
fear_regular_74|ひえ|ひえ、彼の吐血した姿を見たとき、私は本当に怖かった。
fear_regular_75|わあ|わあ、あの拷問の方法は本当に残忍です。誰かが助けに来る前に私たちは狂ってしまうかもしれません。
fear_regular_76|わあ|わあ、今日の嵐はとても恐ろしいですね。家に帰って避難しなくては！
fear_regular_77|わあ|わあ、あの狂人は私たちを襲うかもしれないから、近づかない方がいいです。
fear_free_01|NA|テロの疑いがある荷物が見つかったというニュースを聞いて、空港で爆発が起きてしまうのではないかと恐ろしく思った。
fear_free_02|NA|このような危険な任務に経験不足の私が選ばれたことに、正直言って怖さを感じています。
fear_free_03|NA|目の前で彼女が誘拐された時、私は怖くて身動きもできなかった。
fear_free_04|NA|テレビで聞いたけど、あの高いビルの上での転落事故は本当に怖い。
fear_free_05|NA|彼の目には、まるで人を殺すかのような殺意が宿っていた。
fear_free_06|NA|火事だ！すぐに避難しましょう！
fear_free_07|NA|深夜に一人歩いていると、突然背後にヴァンパイアが現れた！
fear_free_08|NA|今日の試合で主力選手が怪我をしたら、代わりに出場する選手はいない、サブスティテューションができないからとても怖いです。
fear_free_09|NA|昨夜、デュパン氏の家から奇妙な音が聞こえて、誰かが侵入したのではないかと不安になった。
fear_free_10|NA|あの森に入るのは怖い、そこに住む奇妙な生き物がいると聞いたからだ。
happy_regular_01|あはは|今日の山登りは最高だった！山頂で見た景色は言葉に表せないほど美しかった！あはは、絶頂の喜びが胸に溢れるよ！
happy_regular_02|あはは|あはは、昨日の授賞式で私の友達が最優秀女優賞を受賞したんだ！本当に素晴らしい演技だったよ。
happy_regular_03|あはは|昨日、宝くじを買ったら、100万円が当たったよ！あはは、ラッキー！
happy_regular_04|イエーイ|イエーイ！私たちの会社は新しい製品のおかげで知名度が急上昇しているんだ！顧客からの反応もすごく良くて、本当に嬉しいよ！
happy_regular_05|イエーイ|イエーイ！今日は手頃な価格で美味しい食事を楽しめたんだ！
happy_regular_06|イエーイ|昨日、サーフィンを初めて体験してきたよ！イエーイ！波に乗る感覚は最高だった！
happy_regular_07|うおー|うおー！私たちのチームが決勝ゴールを決めた瞬間は、本当に感動的だったよ。みんなで喜びの声を上げたね。
happy_regular_08|うおー|うおー、久しぶりに会った友人と一緒に過ごす時間は最高だった！会話も盛り上がって、本当に楽しかった！
happy_regular_09|うおー|うおー、今日は海で泳ぐのが本当に気持ちがいい！さっきまで暑かったのに、海に入ったら涼しい風が吹いて最高だったよ。
happy_regular_10|うふふ|昨日私は自分の目標を達成したんだ！うふふ、こんなに嬉しいことはないよ！
happy_regular_11|うふふ|うふふ、私たちのグループは真の友愛の精神で結ばれています。本当に幸せです。
happy_regular_12|うふふ|うふふ、お正月にもらったお年玉で新しいスマホを買っちゃった！もう写真撮るのが楽しくて楽しくて！
happy_regular_13|ええ|ええ、彼女は本当に素晴らしい美声を持っている。聴くだけで幸せな気分になる。
happy_regular_14|ええ|ええ、今日の夕飯は最高だった！手作りのピザとデザートがあって、お腹も心も満たされた感じがして最高に満足感があるよ。
happy_regular_15|ええ|ええ、このリゾートホテルのプールは本当に心地よい。水の温度もちょうどいいし、景色も最高だよ。
happy_regular_16|えへへ|今、私は大学の合格通知をもらったんだ！えへへ、歓喜のあまり飛び跳ねたくなるぐらいうれしい！
happy_regular_17|えへへ|今日は友達にたくさん手伝ってもらって、とっても感謝してるんだ。えへへ、本当にありがたい！
happy_regular_18|えへへ|昨日、オークションで逸物の刀を手に入れたんだ！えへへ、これで私の刀コレクションも充実したよ！
happy_regular_19|おお|おお、昨日、私の大ファンが私の曲をカバーしてくれたところを見たんだ！それを見て、とても幸せになったよ。
happy_regular_20|おお|おお、私の祖母は手術を受けた後、ついに完全に治癒したんだ！元気いっぱいになって本当に良かった！
happy_regular_21|おお|おお！私はついに英語の資格試験に合格して、認定されたよ！これで英語がもっと話せるようになるぞ。
happy_regular_22|はは|今回の選挙で、私のおじいさんが得票数1位を獲得したんだ！はは、家族全員でお祝いするよ！
happy_regular_23|はは|はは、今日の運動会は楽しかったね！特にリレーの時はみんなが協力して走ってくれたから、最高の思い出になったよ。
happy_regular_24|はは|はは、本当にラッキーだった！今日の抽選で、1等賞を当てたんだ！それも、夢にまで見たヨーロッパ旅行が当たったんだ！
happy_regular_25|ふふ|彼女が私にほほ笑みを浮かべてくれたとき、とっても嬉しかったんだ。ふふ、幸せな気持ちでいっぱいだ。
happy_regular_26|ふふ|最近、自分の人生に充実感を感じているんだ。友達、家族、そして仕事もうまくいっている。ふふ、本当に幸せだ
happy_regular_27|ふふ|ふふ、今日のデートはロマンティックだった！夜景を見ながら手を繋いで、とても幸せな気持ちになったよ。
happy_regular_28|へへ|昨日のイベント、大盛況だったよ！たくさんの人が来てくれて、へへ、すごく嬉しかった！
happy_regular_29|へへ|今日はスーパーで買い物したら、予想外にキャッシュバックがもらえたんだ！へへ、ラッキー！
happy_regular_30|へへ|彼女の誕生日プレゼント、ぴったりのものを見つけたんだ！へへ、喜んでもらえるといいな。
happy_regular_31|やった|やった！ついに私たちの会社が世界進出することになったんだ！私たちは世界中の人々にサービスを提供できるんだ！
happy_regular_32|やった|私たちの国と彼らの国との友好協定が結ばれた！これでより良い関係を築いていけるね。やった！
happy_regular_33|やった|やった！私たちが買った株式は高値で売れたんだ！大金を手に入れたよ！
happy_regular_34|よし|よし、彼女は一生懸命勉強して、ついに大学に合格したんだ！彼女の頑張りが報われて、とても嬉しいよ！
happy_regular_35|よし|今日は天気が良くて、友達と楽しく過ごせた！本当にいい気持ちだよね！よし、また来週も会おう！
happy_regular_36|よし|よし、最後のピッチャー交代が功を奏して、我がチームは逆転勝利を手にした！感動的な瞬間だったな。
happy_regular_37|よっしゃ|よっしゃ！私の友達が有名なアーティストと一緒に写真を撮ってくれたんだ！これで私も有名人と写真が撮れた！
happy_regular_38|よっしゃ|今日の創作のレッスンは本当にすごかった！私たちの想像力は完全に解放された！よっしゃ、これから私たちは素晴らしい作品を作り出せるぞ
happy_regular_39|よっしゃ|よっしゃ！おじいちゃんの遺産で家を買えるようになったよ！これで家族みんなで快適に暮らせる！
happy_regular_40|わぁ|わぁ、お客様からとても感謝の言葉をもらったよ！私たちのサービスがお客様にとって役に立っていると知って、とっても嬉しい！
happy_regular_41|わぁ|わぁ、ついに私たちは日本一になった！全国大会での勝利は、長年続いた練習の成果が実ったことを証明しているよ。
happy_regular_42|わぁ|わぁ、今日はプロジェクトを完成させたんだ！本当に大変だったけど、クライアントからのフィードバックを聞いて、この仕事にやりがいを感じているよ！
happy_regular_43|わーい|わーい、私の代表作が出版されたよ！これで私の作品がたくさんの人に読まれるんだ！
happy_regular_44|わーい|わーい、あの新しい同僚は本当にフレンドリーで、一緒に仕事するのが楽しいんだ！
happy_regular_45|わーい|わーい、今日のディナーはとっても美味しかった！お腹いっぱいで満足だよ！
happy_regular_46|ヤッホー|ヤッホー！今日のプレゼンテーションはとても素晴らしかった！ナイスな仕事だったね。
happy_regular_47|ヤッホー|ヤッホー、今日の夕陽は麗しい！こんなに美しい光景を見ることができて、本当に幸せだね。
happy_regular_48|ヤッホー|ヤッホー！今日の天気、ちょうどいい感じだね！風も涼しくて最高！一緒に散歩しよう。
happy_regular_49|あはは|あはは、ついに頭痛が治った！普通に生活できるようになって、本当に嬉しい。
happy_regular_50|あはは|今度の週末は友達と旅行するんだ！あはは、楽しみすぎて今からワクワクしてる！
happy_regular_51|あはは|あはは、この香りは本当に素晴らしい！フランスのラベンダー畑で育ったような、甘く優雅な香りだね。
happy_regular_52|あはは|今回の試合で、彼はトップクラスのパフォーマンスを見せてくれたよ！あはは、すごいね！
happy_regular_53|イエーイ|イエーイ！長い時間かかったけど、私たちは目的達成したよ！これで次のステップに進むことができる！
happy_regular_54|イエーイ|イエーイ！私たちのチームは昨日の試合で圧勝したよ！まさかこんなに差がつくとは思わなかった！
happy_regular_55|うおー|うおー、今日のハイキングで見た山頂からの絶景は本当に素晴らしかった！空気も澄んでいて、心が洗われた感じがする。
happy_regular_56|うおー|うおー、今日は本当に幸せな日だね。家族と一緒に過ごして、美味しい料理を食べて、笑い合って、こんなに幸せな瞬間はないよ。
happy_regular_57|うおー|うおー、ついに私たちのチームがこの大会で受賞したよ！みんなの努力が報われたね。
happy_regular_58|うふふ|この町に引っ越してきてから、新しい友達にも出会えて、職場の人間関係も良くなって、うふふ、本当に良いことばかりだ。
happy_regular_59|うふふ|うふふ、私たちのビジネスが成長して、収益が倍増したんだ！これで新しいプロジェクトを始めることができるよ！
happy_regular_60|うふふ|あのホテルの部屋、広くて景色も最高で、ベッドも快適だったよ！うふふ、最高の宿泊体験だった！
happy_regular_61|ええ|ええ、私は文化人類学に興味があるんだ。異文化を学ぶことがすごく面白いと思うから。
happy_regular_62|ええ|ええ、私が今日会った新しい同僚は、とても誠実な人でした。こんなに素晴らしい人と出会えたことに感謝します。
happy_regular_63|ええ|ええ、ついに私は昇進したよ！新しいポジションで自分の力を試せるってとっても嬉しい。
happy_regular_64|えへへ|えへへ、私の新しい家具は高級な無垢材でできているんだ。こんな美しいものを手に入れられるなんて、とっても幸せ！
happy_regular_65|えへへ|あの人の魅力的な笑顔に魅了されちゃった！えへへ、もう幸せすぎる
happy_regular_66|えへへ|今日は久しぶりに友達とのデートだ！楽しみでうきうきしているよ。えへへ。
happy_regular_67|おお|おお、私たちのチームは今月の売り上げを前月比で２０％向上させたんだ！
happy_regular_68|おお|おお、部屋の片付けが終わった！これで気持ちがすっきりした。
happy_regular_69|おお|おお、新しいプロジェクトに参加することで私のモチベーションが上がってきたよ！
happy_regular_70|おお|おお、彼女は本当にカリスマ的なリーダーシップを持っている。彼女がいるから、私たちはいつも自信を持って前進できるんだ。
happy_regular_71|はは|最近、ジョギングを始めてから毎日の生活に活力が湧いている！はは、もっと早くから始めればよかった！
happy_regular_72|はは|今夜の晩御飯は豪勢に牛ステーキを食べたんだ！はは、贅沢すぎる！
happy_regular_73|はは|はは、私は今週末に友達と一緒に行くロッククライミングに対して興味津々だよ！楽しみだ！
happy_regular_74|ふふ|ふふ、私の料理のレパートリーが増えたよ！新しいレシピを試してみたら、美味しくできたんだ。
happy_regular_75|ふふ|先日、私の子供が初めて自分で靴を履いたんだ。ふふ、とっても微笑ましい光景だったよ。
happy_regular_76|へへ|へへ、ついに自立する日が来たんだ！これから自分でお金を稼いで生活できるようになるんだ！
happy_regular_77|へへ|新しい職場で初めての日は少し緊張したけど、周りの人たちがとても優しくて、へへ、すぐになじめたんだ！
happy_regular_78|やった|私たちのチームが先制ゴールを決めたよ！やった！私たちは勝つことができるはずだ！
happy_regular_79|やった|今日のマラソン大会で、私は自分の全力を出し切って、1位になったんだ！やった！
happy_regular_80|よし|よし、彼女のリーダーシップがあってこのプロジェクトが成功したんだ！私たちのチームは素晴らしい！
happy_regular_81|よし|よし、今日は一日中勉強して、とても充実感がある！自分を褒めてあげたい。
happy_regular_82|よっしゃ|よっしゃ！今日から有休をとって、ハワイ旅行に行くぞ！泳いで、日光浴して、最高のリフレッシュをするんだ！
happy_regular_83|よっしゃ|よっしゃ！今日はボーナスが出たよ！これで旅行に行くお金が貯まるぞ！
happy_regular_84|わぁ|わぁ、今日のコンサートは最高だった！あの歌手は本当に才能があるね。
happy_regular_85|わぁ|わぁ、この薬が奏効して痛みが和らいだ！もう少しで快復できそうだ！
happy_regular_86|わーい|わーい、この毛布は本当にぬくもりがあって、寒い夜でも心地よく眠れる！
happy_regular_87|わーい|わーい！私は今日のテストで学力がアップしていることがわかったよ。
happy_regular_88|ヤッホー|ヤッホー！今朝読んだ記事が面白すぎて、仕事中もずっと笑ってたよ！
happy_regular_89|ヤッホー|ヤッホー！昨日から筋力トレーニングを始めたんだけど、もう今日は筋肉痛！これからも頑張って鍛えるぞ！
happy_free_01|NA|私たちは今、お金に困ることなく生活できて、とても幸せです。
happy_free_02|NA|私は彼の勤勉さと熱意に感心しています。彼のような人と仕事ができることはとても幸せなことです。
happy_free_03|NA|近所の商店街が再開発されて、ますます繁栄しているよ！みんなが幸せそうで、私も嬉しい！
happy_free_04|NA|この映画は豪華キャストが出演していて、もうすぐ公開されるんだ。私は今から楽しみにしているよ！
happy_free_05|NA|今月のお給料は思ったよりも多くて、とっても嬉しい！新しい服を買ったり、友達と旅行に行ったりできるね。
happy_free_06|NA|今日は友達と一緒に海に行って、泳いで、バーベキューして、とっても愉しい時間を過ごしたよ！
happy_free_07|NA|今週末は友達と一緒に、ヴァンパイアのコスプレをしてパーティーに参加する予定だよ！とっても楽しみ！！
happy_free_08|NA|私たちのチームは主力選手が怪我をしてしまったが、サブスティテューションの選手が活躍してくれた。そのおかげで試合に勝つことができたよ！
happy_free_09|NA|今日はフランス料理のお店で、デュパンのクロワッサンを食べたよ！あんな美味しいクロワッサンは初めてだった！
happy_free_10|NA|この小説は奇妙な出来事が次々に起こって、ワクワク感が止まらない！
sad_regular_01|あーあ|あーあ、昨日の事故で大切な車が全損になっちゃった。もうどうしようもないよ。
sad_regular_02|あーあ|あーあ、今日の試合は逆転負けで、本当に悔しい。頑張ったのに、最後まで勝てなかったのはつらい。
sad_regular_03|あーあ|あーあ、仕事が思うように進まなくて、フラストレーションが溜まっている。もう少し頑張ればいいとわかっているけど、今は本当に悲しい気持ちでいっぱいだ。
sad_regular_04|あーあ|あーあ、おばあちゃんが肺がんになったと聞いて、とても悲しくて胸が苦しくなりました。
sad_regular_05|あーあ|あーあ、また新型コロナの感染者が増えて、隔離されなくちゃいけなくなった。友達と会えなくて、本当に悲しい。
sad_regular_06|あーあ|あーあ、毎日残業が続いて疲れるばかりで、家族と過ごす時間も減ってしまって、悲しい気持ちでいっぱいです。
sad_regular_07|あーあ|あーあ、大切なお茶をこぼしてしまった。母からもらったものだったのに。
sad_regular_08|あぁ|あぁ、山道を歩いていたら落石に遭遇してしまって、大怪我をしてしまった。本当に運が悪かったです。
sad_regular_09|あぁ|あぁ、私が大切に育てていた花が枯死してしまった。もう見ることもできないと思うと悲しくて仕方がない。
sad_regular_10|あぁ|あぁ、昨日の夜、自動車事故に遭ってしまって、相手の方が亡くなってしまった。自分が生きていることが辛くて仕方がない。
sad_regular_11|あぁ|あぁ、彼の裏切りが私の人生に破滅的な影響を与えて、もう何もかもが意味をなさなくなった。
sad_regular_12|あぁ|あぁ、あの大切な思い出の品を忘失してしまった。懐かしい思い出が一瞬で消えてしまったような気がして、寂しくなってしまった。
sad_regular_13|あぁ|あぁ、この仕事をしていても何か虚しい気がして、自分がやりたかったこととは違う人生を歩んでいるようで悲しい。
sad_regular_14|あぁ|あぁ、祖母が危篤状態で、もうすぐこの世を去ってしまうかもしれない。悲しくて心が痛む。
sad_regular_15|うう|うう、自己嫌悪に陥ってしまって、自分自身が嫌いになってしまった。どうしたらいいか分からない。
sad_regular_16|うう|うう、スマホの容量不足で写真を撮れなくなってしまった。思い出を残すことができなくて残念でした。
sad_regular_17|うう|うう、今日の試合は本当に惨敗だった。全然勝てる気がしなかったけど、やっぱり負けるとこんなに悔しいんだな。
sad_regular_18|うう|うう、上司には逆らえなくて、自分の意見さえいえない。
sad_regular_19|うう|うう、彼女にフラれたのは本当に悔しい。こんなに愛しているのに、どうして私とは一緒にいたくないのか。
sad_regular_20|うう|うう、別れが近づいているのに、どうして彼は全然悲しんでいないんだろう。私だけが一人きりで切ない思いをしている。
sad_regular_21|うう|うう、あの時助けられなくて、自分の無力さを痛感した。
sad_regular_22|うわあ|うわあ、あの人が私に言ったことは全部ウソだったと知って、本当に悲しくて涙が出てきた
sad_regular_23|うわあ|うわあ、父が末期ガンだと診断された。手遅れだと言われて、何もできない自分が情けなくて悲しい。
sad_regular_24|うわあ|うわあ、この仕事での苦労が報われないと思うと、本当に悲しくて辛い。
sad_regular_25|うわあ|うわあ、昨日のマラソン大会で体力不足でゴールできなかった。みんなに失望された気がする。
sad_regular_26|うわあ|うわあ、留学先で初めてのクリスマスを一人で過ごすことになって、とっても寂しくて泣きそうだ。
sad_regular_27|うわあ|うわあ、大切な友情を損なってしまった、どうして私はこんなことをしてしまったんだろう。
sad_regular_28|うわあ|うわあ、昨日のニュースであの殺人事件の被害者が知り合いだったと知って、とても悲しくなってしまった。
sad_regular_29|えーん|えーん、大好きだった船が沈没してしまって、もう二度と乗れないと思うと胸が痛い。
sad_regular_30|えーん|えーん、私の人生はもう破滅したみたい。大切な人を失って、仕事もうまくいかなくて、何もかもがうまくいかない。
sad_regular_31|えーん|えーん、私は歌が大好きなのに、なぜこんなに音痴なんだろう。歌うたびに落ち込んでしまう。
sad_regular_32|えーん|えーん、浪人生になってしまった。自分の未熟さを痛感して、何もかもが暗くなった。
sad_regular_33|えーん|えーん、この病気が治る見込みがないと聞いて、絶望的な気持ちでいっぱいです。
sad_regular_34|えーん|えーん、何度も失敗して挫折感に苛まれてる。もう一度やり直す自信がない。
sad_regular_35|えーん|えーん、留学が終わって日本に帰るのが名残惜しい。こんなに素敵な出会いや思い出があったのに、もう離れなくてはならないなんて寂しすぎる。
sad_regular_36|ぐすん|あの人に傷つけられた時の気持ちは、今でも忘れられない。ぐすん、もう二度とあのような辛い思いをしたくない
sad_regular_37|ぐすん|ぐすん、最近夫婦喧嘩が増えて、とうとう別居することになった。寂しくて泣きたくなる。
sad_regular_38|ぐすん|ぐすん、親友がイジメに遭っていると聞いて、何もできない自分が悲しい。
sad_regular_39|ぐすん|ぐすん、私たちのチームは今日大敗した。私は自分が足を引っ張ってしまったことをとても悔しく思う。
sad_regular_40|ぐすん|ぐすん、熱病で学校を休んだため、友達との大事なイベントに参加できなくなってしまった。
sad_regular_41|ぐすん|ぐすん、この貧困状況で家族がみんな餓えているのを見ると、何もできなくて涙が出た。
sad_regular_42|ぐすん|ぐすん、今回の試験の点数は絶望的に低くて、もう何もできないと思ってしまう。
sad_regular_43|はぁー|はぁー、今日も寝坊してしまって、会社に遅刻しちゃった。
sad_regular_44|はぁー|はぁー、私の作品はいつもインパクトがないと言われてる、なんでだろう。
sad_regular_45|はぁー|はぁー、うちの父親が経営する会社が倒産してしまった。
sad_regular_46|はぁー|転んで膝に傷をつけてしまった、はぁー、海にも行けないし、運動もできない
sad_regular_47|はぁー|はぁー、彼女に裏切られたと知って、心がとても痛い。信じていたのに、どうしてこんなことが起こったんだろう。
sad_regular_48|はぁー|はぁー、あの人が亡くなったという悲報を聞いて、心が痛くなった。
sad_regular_49|はぁー|はぁー、今日のプロジェクトでヘマをしてしまい、大切なデータを消してしまった。修復する方法がないと思うと、悲しくてたまらない。
sad_regular_50|あーあ|あーあ、最近運動不足と食生活の乱れで、医者から高脂血症と診断された。自分がこんなに健康を害しているのを思うと、悲しくなってしまう。
sad_regular_51|あーあ|あーあ、最近精神疾患で苦しんでいて、友達と会っても楽しめなくて。
sad_regular_52|あぁ|あぁ、伝染病が猛威を振るっているこの時期、外出もままならず、友達とも会えなくて、本当に寂しい。
sad_regular_53|あぁ|あぁ、今回の試合で負けたので落胆している。もっと練習しないといけないと感じています。
sad_regular_54|うう|うう、手術後に合併症が起きてしまって、また入院しなければならなくなった。こんなに長い間、病院で過ごすのは辛い。
sad_regular_55|うう|うう、大水害で家が水浸しになってしまった。思い出の品々が水に濡れてしまった。
sad_regular_56|うわあ|うわあ、今年は渇水で稲作ができなくて、これからどうしよう。
sad_regular_57|うわあ|うわあ、大水害で家が全壊してしまった。大切な思い出の品や家族の写真も全て失ってしまった。
sad_regular_58|えーん|えーん、また足の炎症が起きてしまって、今週末の旅行も行けなくなった。
sad_regular_59|えーん|えーん、今回のプレゼンテーションは全然上手くいかなかった。自信がないから、本当に恥ずかしい。
sad_regular_60|ぐすん|ぐすん、あの時あんなこと言わなければよかった。今さら後悔しても仕方ないけど、悔しさで胸がいっぱいだ。
sad_regular_61|ぐすん|ぐすん、先日私が友人の大切なものを壊してしまい、平謝りしても許してもらえなかった。
sad_regular_62|はぁー|はぁー、この薄暗い部屋で一人でいると、何か寂しい気持ちがしてきて、涙が止まらなくなる。
sad_regular_63|はぁー|はぁー、彼と別れたけど、未練がまだあって、ずっと彼のことを考えてしまって、もう一度やり直したいと思うけど、もう無理だろうな。
sad_free_01|NA|最近の私の人生は何もかもが停滞していて、どうしようもなく悲しい。
sad_free_02|NA|昨日、弟が海で溺死してしまった。私は悲痛な気持ちで一晩中泣き続けた。
sad_free_03|NA|この部活動が廃部になると聞いた時、胸が締め付けられる思いがした。もう二度とこの場所で、友達と一緒に汗をかいたり、笑ったりすることができないんだ。
sad_free_04|NA|私の祖母は末期のがんで、もうすぐ別れの日が近づいていると思うと本当に悲しい。
sad_free_05|NA|彼女が鬱病になってから、毎日が憂鬱で辛い。何か役に立てないかと思っても、どうしたらいいのかわからない。
sad_free_06|NA|人生の意味が分からなくなって、私はただ茫然としたままです。
sad_free_07|NA|私の一番好きな小説は「吸血鬼ヴァンパイア」だったけど、主人公が死んでしまって、悲しくて何度も読み返して泣いてしまった。
sad_free_08|NA|私はサッカーの試合で主力選手が怪我をした後、サブスティテューションとして出場したが、チームが負けてしまい、責任を感じてとても悲しい気持ちになった。
sad_free_09|NA|私は高いエデュケーションを受けてきたけど、今はそれが何の役にも立たなくて、とても悲しい。
sad_free_10|NA|この世界は本当に奇妙だ、夢を追っても叶わず、追いかけたものは消えていく。
surprise_regular_01|ああ|ああ、彼は本当に速い！ダッシュの速さは尋常じゃない！
surprise_regular_02|ああ|ああ、彼女がこんなに早く編み物ができるなんてビックリしました！
surprise_regular_03|ああ|ああ！この歯ブラシは超音波で歯垢を落とすんですか？革命的な技術ですね！
surprise_regular_04|あっ|あっ、彼のプレゼンテーションが評価されて、昇進したんですか？すごい！
surprise_regular_05|あっ|あっ、この地域はまだ開拓されていないんですか？それは驚きです。
surprise_regular_06|あっ|あっ、この株式の価格が急騰している！まさかこんなに早く儲けが出るなんて。
surprise_regular_07|あれ|あれ、あのクイズ番組で優勝したのは彼だったの？ビックリ！
surprise_regular_08|あれ|あれ、彼女が副収入で月に20万円も稼いでいるって本当ですか？すごい！
surprise_regular_09|あれ|あれ、あの人エキストラ出演してたんですか？全然気が付きませんでした。
surprise_regular_10|うぉー|うぉー、彼女の洞察力には驚きました！こんなに短い時間で私の気持ちに気づくなんて、本当にすごいです。
surprise_regular_11|うぉー|うぉー、彼女の歌唱力には本当に驚かされました！こんな素晴らしい歌声を披露してくれるなんて想像もしていなかった。
surprise_regular_12|うぉー|うぉー！あの人の社交性の高さは驚くべきものだ。どこに行っても人気者だ。
surprise_regular_13|うそ|うそ！このワインの試飲は無料なの？こんなに美味しいワインが無料で試飲できるなんて信じられない！
surprise_regular_14|うそ|うそ！あの人がフィットネスインストラクターだなんて信じられない！
surprise_regular_15|うそ|うそ、もうチケットが売り切れてしまったの？あのアーティストのコンサートは本当に人気があるんだね。
surprise_regular_16|うわあ|うわあ、あの著名人が私たちの祖父の葬儀に参列してくれるとは思ってもみなかった！
surprise_regular_17|うわあ|うわあ、あの新しいスマホはまだ入手できないんですか？！
surprise_regular_18|うわあ|うわあ、あのきっかけで結婚するとは思わなかった！
surprise_regular_19|えっ|えっ、あの車のスピードは時速200キロ以上だったって？信じられない！
surprise_regular_20|えっ|えっ、このアプリの更新速度が早い！たった数日で新しい機能が追加されるとは。
surprise_regular_21|えっ|えっ、その小説の主人公は犬だと？こんな斬新なアイデアがあるなんて。
surprise_regular_22|ええ|ええ、この本が本当に６００円で買えるんですか？安すぎますね！
surprise_regular_23|ええ|ええ、あの二人は毎日キャッチボールをしているんですって！
surprise_regular_24|ええ|ええ、彼は本当にジャマイカに行くんですか？私も行ってみたいです。
surprise_regular_25|おお|おお、こんな前代未聞の現象が起こるなんて信じられません！
surprise_regular_26|おお|おお！あの有名人もこのイベントに参加するんですか？
surprise_regular_27|おお|おお、この店はリニューアルされたんですか？内装が全然違いますね！
surprise_regular_28|おっと|おっと、あの方が乗っているのは人力車ですか？こんなに現代的な街で見かけるなんて意外ですね。
surprise_regular_29|おっと|おっと、この会場のキャパシティーは500人だったのに、もう600人以上も入ってるよ！
surprise_regular_30|おっと|おっと、その新情報はまだ公表されていなかったはずですが、どうやって入手したのですか？
surprise_regular_31|おや|おや、この装備はかなり高性能だね。こんなに進歩しているとは知りませんでした。
surprise_regular_32|おや|おや、あの子バッティングが上手いんですか？知らなかった。
surprise_regular_33|おや|おや、あなたも孔子について勉強しているんですか？
surprise_regular_34|なに|なに、あの人が無人島に1年間住んでいたって？本当に生きて帰ってきたんですか？
surprise_regular_35|なに|なに？彼女はアルゼンチンに住んでいたことがあるんですか？すごく興味深いですね。
surprise_regular_36|なに|なに？あの有名人が結婚したってうわさを聞いたけど、本当なのかしら？
surprise_regular_37|へぇ|へぇ、あの人が映画のオーディションを受けることになったんだって！
surprise_regular_38|へぇ|へぇ、あなたのタイピングスピードは時速100語以上なんですか？すごい！
surprise_regular_39|へぇ|へぇ、このアプリはボタン一つで自動的に美しいグラフを生成できるんですか？すごい技術ですね！
surprise_regular_40|ほう|ほう、あの会社のシェアがこんなに伸びたとは驚きですね。
surprise_regular_41|ほう|ほう、彼女はバッティングが得意だって？意外な才能があるんですね！
surprise_regular_42|ほう|ほう、ディベート大会で優勝したんですか？
surprise_regular_43|まあ|まあ、あの森の奥に妖精が住んでいるっていう伝説は知っていましたが、本当に妖精がいるとは思わなかったです。
surprise_regular_44|まあ|まあ、彼が女装をするとは想像もしませんでした。
surprise_regular_45|まあ|まあ、彼が次の市長選挙に出馬するとは驚きですね。
surprise_regular_46|わあ|わあ、あの人はあんなに信仰心が厚かったんですか？驚きました。
surprise_regular_47|わあ|わあ、彼のチェンジアップの球速がこんなに速くなるなんて驚きです！
surprise_regular_48|わあ|わあ、あの選手のシュートはすごい角度から入った！
surprise_regular_49|わお|わお、あの高校生があんなに優秀なんですか？すごいですね！
surprise_regular_50|わお|わお、あの若い人がベンチャー企業を立ち上げたんだって！すごいですね！
surprise_regular_51|わお|わお！あのゲームの攻略法を知っているんですか？すごい！
surprise_regular_52|ん|ん？彼があんなに上手いのにアマチュアなの？驚きました。
surprise_regular_53|ん|ん？あの映画に出演している女優さんは、去年まで普通の会社員だったって本当ですか？
surprise_regular_54|ん|ん？今度のゲームのボスキャラがこんなに強いとは思わなかった！
surprise_regular_55|やあ|やあ！あの蜘蛛、大きすぎてびっくりしました。
surprise_regular_56|やあ|やあ！突然の来客が知らない男性で驚きました。
surprise_regular_57|やあ|やあ！急に雷が鳴り響いて、めっちゃ驚かされた。
surprise_regular_58|ああ|ああ、そうか。あの人がプロのゲーマーじゃなくて、ただのお遊びだったなんて。
surprise_regular_59|ああ|ああ、彼女は有名な写真家なんですか？知らなかった！
surprise_regular_60|あっ|あっ、あの新しい映画の音楽は有名な作曲家が作ったんですか？素晴らしい！
surprise_regular_61|あっ|あっ、こんなに美味しいラーメンは初めてです。
surprise_regular_62|あれ|あれ、彼女が免許を持っていないって本当ですか？今時、免許を持っていない人って珍しいですよね。
surprise_regular_63|あれ|あれ、彼女の義父は有名な俳優さんだったの？
surprise_regular_64|うぉー|うぉー！アウトドア派の人にはたまらないキャンプ場を見つけたんです！
surprise_regular_65|うぉー|うぉー、あなたもテレパシーの力を信じていますか？
surprise_regular_66|うそ|うそ、副収入で年収1000万円も稼いでいるなんて信じられません！
surprise_regular_67|うそ|うそ、ついにその事件の真相を解明したんですか？すごい！
surprise_regular_68|うわあ|うわあ、彼女が全米チャンピオンになったんですか？すごい！
surprise_regular_69|うわあ|うわあ、タコが足を伸ばしている！こんなに伸びるのは初めて見ました。
surprise_regular_70|えっ|えっ、そのアニメの主人公の声優さんはこの人なんですか？！知らなかった！
surprise_regular_71|えっ|えっ、その商品が即決で落札されました！早いですね。
surprise_regular_72|ええ|ええ、この小説の世界は異空間のような場所に設定されているんですか？想像力がすごいですね。
surprise_regular_73|ええ|ええ、あの人は無人島で１年生活したことがあるんですか？すごく興味深い話ですね。
surprise_regular_74|おお|おお、あの有名なテニスコーチが来てる！
surprise_regular_75|おお|おお、安いホテルなのに個室があるんですか？
surprise_regular_76|おっと|おっと、あの映画のシーンを再現したんですか？すごくリアルに見えますね！
surprise_regular_77|おっと|おっと、この料理は無添加なのに、こんなに美味しいんですか？
surprise_regular_78|おや|おや？あの家の紋章って、ローマ字の「M」なんですか？意外なデザインですね。
surprise_regular_79|おや|おや、紅葉狩りに行くために早朝から起きてるんですか？すごく熱心ですね！
surprise_regular_80|なに|なに？童心に帰って、公園でブランコなんてしてるんですか？
surprise_regular_81|なに|なに？あの本が再刊されるなんて聞いてなかった！
surprise_regular_82|へぇ|へぇ、彼女の給与って私の方が高いの？それはちょっと意外だな。
surprise_regular_83|へぇ|へぇ？もう降雪が始まったんですか？もう冬が来たんだなと実感しますね。
surprise_regular_84|ほう|ほう、エベレストの登頂に成功したんですか？凄いですね！
surprise_regular_85|ほう|ほう、初心者でもあんなに上手に弾けるんですか？すごい才能ですね！
surprise_regular_86|まあ|まあ！あの大物俳優が私たちの提案に諾意してくれるなんて、信じられない！
surprise_regular_87|まあ|まあ、あの人が作ったガレージキット、本当にプロレベルの出来栄えだ！
surprise_regular_88|わあ|わあ、ついに北と南が統一されたんですか？世界はどんどん変わっていくんですね。
surprise_regular_89|わあ|わあ！あの有名な画家が自分の絵筆を手作りするとは驚きですね。
surprise_regular_90|わお|わお、こんなにたくさんのマイルを換金できるなんて、クレジットカードってすごいですね！
surprise_regular_91|わお|わお、スポーツで体重が10キロ減ったんですか？
surprise_regular_92|ん|ん？日本でもラクロスが人気になってきたんですね！
surprise_regular_93|ん|ん？あのアラーム音、私もよく使っているんです！
surprise_regular_94|やあ|やあ、そのペット、本当に小さくて可愛いですね！
surprise_regular_95|やあ|やあ、あの人が君の結婚相手？本当に意外だ。
surprise_free_01|NA|週刊誌に掲載されたんですか？信じられない！
surprise_free_02|NA|彼らが和解したと聞いて驚きました。以前はあんなに仲が悪かったのに、何がきっかけで和解できたのでしょうか？
surprise_free_03|NA|彼女は映画マニアだと聞いていたけど、部屋に入ったら壁一面に映画ポスターが張り付けてあって、びっくりしました！
surprise_free_04|NA|彼女が株式投資で大儲けしたなんて、ビックリしました！
surprise_free_05|NA|彼女はイギリス人だったの？まさか、こんなに日本語が上手なイギリス人に出会うなんて！
surprise_free_06|NA|今日、社長が突然うちに訪問してきたんです！ビックリしました。
surprise_free_07|NA|あの人がヴァンパイアだなんて信じられない！本当に血を吸っているの？
surprise_free_08|NA|あの試合で彼のサブスティテューションが決まっていたなんて、まさかの展開でしたね。
surprise_free_09|NA|この町にこんなに素晴らしいエデュケーションの機会があるとは知りませんでした。
surprise_free_10|NA|あの店の雰囲気がほんとに奇妙でした。
